{"cameraMode":{"drawMode":0,"name":"Shaded","section":"Shading Mode"},"sceneLighting":true,"audioPlay":false,"sceneViewState":{"m_AlwaysRefresh":false,"showFog":true,"showSkybox":true,"showFlares":true,"showImageEffects":true,"showParticleSystems":true,"showVisualEffectGraphs":true,"m_FxEnabled":true},"in2DMode":false,"pivot":{"x":0.05360877513885498,"y":0.1992475986480713,"z":0.9371022582054138},"rotation":{"x":0.12382388114929199,"y":-0.27742999792099,"z":0.03601568937301636,"w":0.9521283507347107},"size":0.8660253882408142,"orthographic":false}