{"cameraMode":{"drawMode":0,"name":"Shaded","section":"Shading Mode"},"sceneLighting":true,"audioPlay":false,"sceneViewState":{"m_AlwaysRefresh":false,"showFog":true,"showSkybox":true,"showFlares":true,"showImageEffects":true,"showParticleSystems":true,"showVisualEffectGraphs":true,"m_FxEnabled":true},"in2DMode":false,"pivot":{"x":0.7076876163482666,"y":0.21261262893676759,"z":1.219367265701294},"rotation":{"x":-0.15425680577754975,"y":-0.6166156530380249,"z":0.12491390854120255,"w":-0.7619053721427918},"size":2.0953829288482668,"orthographic":false}