{"cameraMode":{"drawMode":0,"name":"Shaded","section":"Shading Mode"},"sceneLighting":true,"audioPlay":false,"sceneViewState":{"m_AlwaysRefresh":false,"showFog":true,"showSkybox":true,"showFlares":true,"showImageEffects":true,"showParticleSystems":true,"showVisualEffectGraphs":true,"m_FxEnabled":true},"in2DMode":false,"pivot":{"x":244.5919647216797,"y":345.05804443359377,"z":-277.8165588378906},"rotation":{"x":0.11704196780920029,"y":0.0062630148604512218,"z":-0.0007627691375091672,"w":0.9931647777557373},"size":54.39628601074219,"orthographic":false}