{"cameraMode":{"drawMode":0,"name":"Shaded","section":"Shading Mode"},"sceneLighting":true,"audioPlay":false,"sceneViewState":{"m_AlwaysRefresh":false,"showFog":true,"showSkybox":true,"showFlares":true,"showImageEffects":true,"showParticleSystems":true,"showVisualEffectGraphs":true,"m_FxEnabled":true},"in2DMode":false,"pivot":{"x":2.500086545944214,"y":-6.723603248596191,"z":4.9783501625061039},"rotation":{"x":-0.35901081562042239,"y":0.05231807008385658,"z":-0.020160581916570665,"w":-0.9316577911376953},"size":21.40939712524414,"orthographic":false}